email,password
mario.ferrari.0@example.com,SecretPass_0!
mario.rossi.1@example.com,SecretPass_1!
giuseppe.romano.2@example.com,SecretPass_2!
valentina.gallo.3@example.com,SecretPass_3!
roberto.romano.4@example.com,SecretPass_4!
francesco.esposito.5@example.com,SecretPass_5!
alessandro.esposito.6@example.com,SecretPass_6!
mario.rossi.7@example.com,SecretPass_7!
francesco.romano.8@example.com,SecretPass_8!
valentina.esposito.9@example.com,SecretPass_9!
giulia.rossi.10@example.com,SecretPass_10!
elena.costa.11@example.com,SecretPass_11!
francesca.gallo.12@example.com,SecretPass_12!
elena.rossi.13@example.com,SecretPass_13!
sofia.rossi.14@example.com,SecretPass_14!
giuseppe.verdi.15@example.com,SecretPass_15!
chiara.costa.16@example.com,SecretPass_16!
mario.costa.17@example.com,SecretPass_17!
francesco.romano.18@example.com,SecretPass_18!
elena.bianchi.19@example.com,SecretPass_19!
giulia.gallo.20@example.com,SecretPass_20!
mario.esposito.21@example.com,SecretPass_21!
elena.ferrari.22@example.com,SecretPass_22!
alessandro.romano.23@example.com,SecretPass_23!
roberto.gallo.24@example.com,SecretPass_24!
valentina.romano.25@example.com,SecretPass_25!
sofia.romano.26@example.com,SecretPass_26!
valentina.russo.27@example.com,SecretPass_27!
alessandro.ferrari.28@example.com,SecretPass_28!
sofia.romano.29@example.com,SecretPass_29!
francesca.esposito.30@example.com,SecretPass_30!
elena.russo.31@example.com,SecretPass_31!
elena.russo.32@example.com,SecretPass_32!
valentina.gallo.33@example.com,SecretPass_33!
valentina.ferrari.34@example.com,SecretPass_34!
martina.russo.35@example.com,SecretPass_35!
chiara.russo.36@example.com,SecretPass_36!
valentina.gallo.37@example.com,SecretPass_37!
stefano.gallo.38@example.com,SecretPass_38!
stefano.gallo.39@example.com,SecretPass_39!
sofia.russo.40@example.com,SecretPass_40!
francesca.bianchi.41@example.com,SecretPass_41!
roberto.romano.42@example.com,SecretPass_42!
luca.romano.43@example.com,SecretPass_43!
elena.rossi.44@example.com,SecretPass_44!
luca.bianchi.45@example.com,SecretPass_45!
stefano.russo.46@example.com,SecretPass_46!
alessandro.russo.47@example.com,SecretPass_47!
giuseppe.esposito.48@example.com,SecretPass_48!
sofia.verdi.49@example.com,SecretPass_49!
francesca.verdi.50@example.com,SecretPass_50!
valentina.romano.51@example.com,SecretPass_51!
giuseppe.ferrari.52@example.com,SecretPass_52!
roberto.bianchi.53@example.com,SecretPass_53!
francesco.bianchi.54@example.com,SecretPass_54!
roberto.costa.55@example.com,SecretPass_55!
martina.bianchi.56@example.com,SecretPass_56!
stefano.romano.57@example.com,SecretPass_57!
francesco.romano.58@example.com,SecretPass_58!
martina.costa.59@example.com,SecretPass_59!
valentina.romano.60@example.com,SecretPass_60!
mario.romano.61@example.com,SecretPass_61!
giuseppe.rossi.62@example.com,SecretPass_62!
chiara.bianchi.63@example.com,SecretPass_63!
giuseppe.rossi.64@example.com,SecretPass_64!
giuseppe.russo.65@example.com,SecretPass_65!
stefano.gallo.66@example.com,SecretPass_66!
francesca.esposito.67@example.com,SecretPass_67!
elena.gallo.68@example.com,SecretPass_68!
roberto.gallo.69@example.com,SecretPass_69!
giuseppe.gallo.70@example.com,SecretPass_70!
sofia.bianchi.71@example.com,SecretPass_71!
sofia.russo.72@example.com,SecretPass_72!
alessandro.russo.73@example.com,SecretPass_73!
elena.bianchi.74@example.com,SecretPass_74!
giuseppe.russo.75@example.com,SecretPass_75!
valentina.russo.76@example.com,SecretPass_76!
francesco.russo.77@example.com,SecretPass_77!
giulia.rossi.78@example.com,SecretPass_78!
francesco.verdi.79@example.com,SecretPass_79!
stefano.romano.80@example.com,SecretPass_80!
luca.russo.81@example.com,SecretPass_81!
martina.ferrari.82@example.com,SecretPass_82!
francesca.gallo.83@example.com,SecretPass_83!
elena.esposito.84@example.com,SecretPass_84!
francesca.rossi.85@example.com,SecretPass_85!
giuseppe.romano.86@example.com,SecretPass_86!
stefano.russo.87@example.com,SecretPass_87!
luca.gallo.88@example.com,SecretPass_88!
giuseppe.ferrari.89@example.com,SecretPass_89!
sofia.verdi.90@example.com,SecretPass_90!
giulia.ferrari.91@example.com,SecretPass_91!
luca.ferrari.92@example.com,SecretPass_92!
mario.rossi.93@example.com,SecretPass_93!
valentina.verdi.94@example.com,SecretPass_94!
giuseppe.esposito.95@example.com,SecretPass_95!
mario.gallo.96@example.com,SecretPass_96!
stefano.costa.97@example.com,SecretPass_97!
martina.verdi.98@example.com,SecretPass_98!
stefano.rossi.99@example.com,SecretPass_99!
sofia.ferrari.100@example.com,SecretPass_100!
elena.esposito.101@example.com,SecretPass_101!
mario.costa.102@example.com,SecretPass_102!
giuseppe.rossi.103@example.com,SecretPass_103!
francesco.rossi.104@example.com,SecretPass_104!
valentina.gallo.105@example.com,SecretPass_105!
giulia.russo.106@example.com,SecretPass_106!
stefano.esposito.107@example.com,SecretPass_107!
martina.ferrari.108@example.com,SecretPass_108!
valentina.bianchi.109@example.com,SecretPass_109!
giuseppe.gallo.110@example.com,SecretPass_110!
francesca.romano.111@example.com,SecretPass_111!
giulia.ferrari.112@example.com,SecretPass_112!
stefano.russo.113@example.com,SecretPass_113!
sofia.verdi.114@example.com,SecretPass_114!
giulia.russo.115@example.com,SecretPass_115!
francesco.russo.116@example.com,SecretPass_116!
roberto.bianchi.117@example.com,SecretPass_117!
francesco.costa.118@example.com,SecretPass_118!
chiara.russo.119@example.com,SecretPass_119!
francesco.russo.120@example.com,SecretPass_120!
mario.romano.121@example.com,SecretPass_121!
francesca.bianchi.122@example.com,SecretPass_122!
chiara.romano.123@example.com,SecretPass_123!
francesco.bianchi.124@example.com,SecretPass_124!
alessandro.esposito.125@example.com,SecretPass_125!
luca.bianchi.126@example.com,SecretPass_126!
alessandro.costa.127@example.com,SecretPass_127!
alessandro.russo.128@example.com,SecretPass_128!
francesca.romano.129@example.com,SecretPass_129!
luca.verdi.130@example.com,SecretPass_130!
valentina.bianchi.131@example.com,SecretPass_131!
giuseppe.gallo.132@example.com,SecretPass_132!
francesco.verdi.133@example.com,SecretPass_133!
francesca.esposito.134@example.com,SecretPass_134!
stefano.gallo.135@example.com,SecretPass_135!
luca.gallo.136@example.com,SecretPass_136!
stefano.bianchi.137@example.com,SecretPass_137!
giuseppe.russo.138@example.com,SecretPass_138!
mario.rossi.139@example.com,SecretPass_139!
roberto.russo.140@example.com,SecretPass_140!
luca.romano.141@example.com,SecretPass_141!
martina.rossi.142@example.com,SecretPass_142!
giulia.ferrari.143@example.com,SecretPass_143!
sofia.bianchi.144@example.com,SecretPass_144!
martina.ferrari.145@example.com,SecretPass_145!
chiara.ferrari.146@example.com,SecretPass_146!
valentina.russo.147@example.com,SecretPass_147!
giuseppe.russo.148@example.com,SecretPass_148!
mario.rossi.149@example.com,SecretPass_149!
sofia.costa.150@example.com,SecretPass_150!
francesco.verdi.151@example.com,SecretPass_151!
sofia.romano.152@example.com,SecretPass_152!
stefano.romano.153@example.com,SecretPass_153!
stefano.bianchi.154@example.com,SecretPass_154!
stefano.bianchi.155@example.com,SecretPass_155!
elena.esposito.156@example.com,SecretPass_156!
francesca.costa.157@example.com,SecretPass_157!
francesco.romano.158@example.com,SecretPass_158!
francesca.russo.159@example.com,SecretPass_159!
sofia.verdi.160@example.com,SecretPass_160!
chiara.rossi.161@example.com,SecretPass_161!
elena.costa.162@example.com,SecretPass_162!
sofia.costa.163@example.com,SecretPass_163!
sofia.romano.164@example.com,SecretPass_164!
giuseppe.verdi.165@example.com,SecretPass_165!
francesco.verdi.166@example.com,SecretPass_166!
elena.verdi.167@example.com,SecretPass_167!
giuseppe.romano.168@example.com,SecretPass_168!
stefano.gallo.169@example.com,SecretPass_169!
chiara.russo.170@example.com,SecretPass_170!
luca.costa.171@example.com,SecretPass_171!
giuseppe.bianchi.172@example.com,SecretPass_172!
sofia.costa.173@example.com,SecretPass_173!
mario.esposito.174@example.com,SecretPass_174!
giulia.bianchi.175@example.com,SecretPass_175!
giulia.bianchi.176@example.com,SecretPass_176!
stefano.verdi.177@example.com,SecretPass_177!
sofia.verdi.178@example.com,SecretPass_178!
giulia.romano.179@example.com,SecretPass_179!
valentina.romano.180@example.com,SecretPass_180!
chiara.ferrari.181@example.com,SecretPass_181!
luca.gallo.182@example.com,SecretPass_182!
valentina.costa.183@example.com,SecretPass_183!
roberto.costa.184@example.com,SecretPass_184!
francesco.bianchi.185@example.com,SecretPass_185!
mario.verdi.186@example.com,SecretPass_186!
francesco.russo.187@example.com,SecretPass_187!
francesco.costa.188@example.com,SecretPass_188!
giuseppe.rossi.189@example.com,SecretPass_189!
chiara.verdi.190@example.com,SecretPass_190!
valentina.ferrari.191@example.com,SecretPass_191!
roberto.rossi.192@example.com,SecretPass_192!
valentina.rossi.193@example.com,SecretPass_193!
stefano.rossi.194@example.com,SecretPass_194!
valentina.gallo.195@example.com,SecretPass_195!
giuseppe.gallo.196@example.com,SecretPass_196!
alessandro.costa.197@example.com,SecretPass_197!
luca.russo.198@example.com,SecretPass_198!
martina.esposito.199@example.com,SecretPass_199!
francesca.rossi.200@example.com,SecretPass_200!
giuseppe.rossi.201@example.com,SecretPass_201!
giulia.ferrari.202@example.com,SecretPass_202!
sofia.costa.203@example.com,SecretPass_203!
alessandro.ferrari.204@example.com,SecretPass_204!
roberto.rossi.205@example.com,SecretPass_205!
chiara.esposito.206@example.com,SecretPass_206!
elena.rossi.207@example.com,SecretPass_207!
chiara.ferrari.208@example.com,SecretPass_208!
stefano.rossi.209@example.com,SecretPass_209!
francesco.rossi.210@example.com,SecretPass_210!
luca.ferrari.211@example.com,SecretPass_211!
mario.esposito.212@example.com,SecretPass_212!
chiara.gallo.213@example.com,SecretPass_213!
martina.bianchi.214@example.com,SecretPass_214!
chiara.costa.215@example.com,SecretPass_215!
alessandro.rossi.216@example.com,SecretPass_216!
chiara.gallo.217@example.com,SecretPass_217!
martina.esposito.218@example.com,SecretPass_218!
giuseppe.verdi.219@example.com,SecretPass_219!
chiara.russo.220@example.com,SecretPass_220!
stefano.russo.221@example.com,SecretPass_221!
giuseppe.romano.222@example.com,SecretPass_222!
sofia.romano.223@example.com,SecretPass_223!
stefano.russo.224@example.com,SecretPass_224!
luca.rossi.225@example.com,SecretPass_225!
francesco.costa.226@example.com,SecretPass_226!
giulia.gallo.227@example.com,SecretPass_227!
luca.costa.228@example.com,SecretPass_228!
sofia.russo.229@example.com,SecretPass_229!
giulia.rossi.230@example.com,SecretPass_230!
stefano.gallo.231@example.com,SecretPass_231!
sofia.costa.232@example.com,SecretPass_232!
giulia.ferrari.233@example.com,SecretPass_233!
francesca.bianchi.234@example.com,SecretPass_234!
roberto.russo.235@example.com,SecretPass_235!
mario.verdi.236@example.com,SecretPass_236!
francesca.bianchi.237@example.com,SecretPass_237!
valentina.romano.238@example.com,SecretPass_238!
roberto.bianchi.239@example.com,SecretPass_239!
luca.romano.240@example.com,SecretPass_240!
valentina.verdi.241@example.com,SecretPass_241!
francesco.ferrari.242@example.com,SecretPass_242!
martina.ferrari.243@example.com,SecretPass_243!
giuseppe.verdi.244@example.com,SecretPass_244!
elena.ferrari.245@example.com,SecretPass_245!
alessandro.russo.246@example.com,SecretPass_246!
giulia.esposito.247@example.com,SecretPass_247!
chiara.bianchi.248@example.com,SecretPass_248!
francesco.romano.249@example.com,SecretPass_249!
francesco.gallo.250@example.com,SecretPass_250!
giuseppe.verdi.251@example.com,SecretPass_251!
francesca.gallo.252@example.com,SecretPass_252!
luca.gallo.253@example.com,SecretPass_253!
chiara.russo.254@example.com,SecretPass_254!
stefano.costa.255@example.com,SecretPass_255!
giulia.rossi.256@example.com,SecretPass_256!
chiara.costa.257@example.com,SecretPass_257!
sofia.bianchi.258@example.com,SecretPass_258!
francesco.esposito.259@example.com,SecretPass_259!
sofia.verdi.260@example.com,SecretPass_260!
sofia.gallo.261@example.com,SecretPass_261!
valentina.ferrari.262@example.com,SecretPass_262!
stefano.costa.263@example.com,SecretPass_263!
sofia.russo.264@example.com,SecretPass_264!
sofia.verdi.265@example.com,SecretPass_265!
luca.esposito.266@example.com,SecretPass_266!
mario.russo.267@example.com,SecretPass_267!
chiara.verdi.268@example.com,SecretPass_268!
chiara.gallo.269@example.com,SecretPass_269!
elena.ferrari.270@example.com,SecretPass_270!
francesco.ferrari.271@example.com,SecretPass_271!
chiara.costa.272@example.com,SecretPass_272!
giuseppe.ferrari.273@example.com,SecretPass_273!
stefano.verdi.274@example.com,SecretPass_274!
alessandro.romano.275@example.com,SecretPass_275!
mario.gallo.276@example.com,SecretPass_276!
valentina.esposito.277@example.com,SecretPass_277!
francesca.bianchi.278@example.com,SecretPass_278!
elena.romano.279@example.com,SecretPass_279!
chiara.russo.280@example.com,SecretPass_280!
mario.esposito.281@example.com,SecretPass_281!
mario.ferrari.282@example.com,SecretPass_282!
stefano.ferrari.283@example.com,SecretPass_283!
sofia.bianchi.284@example.com,SecretPass_284!
alessandro.bianchi.285@example.com,SecretPass_285!
elena.romano.286@example.com,SecretPass_286!
mario.ferrari.287@example.com,SecretPass_287!
valentina.romano.288@example.com,SecretPass_288!
francesca.gallo.289@example.com,SecretPass_289!
francesco.russo.290@example.com,SecretPass_290!
elena.russo.291@example.com,SecretPass_291!
francesca.gallo.292@example.com,SecretPass_292!
chiara.ferrari.293@example.com,SecretPass_293!
giuseppe.esposito.294@example.com,SecretPass_294!
giulia.verdi.295@example.com,SecretPass_295!
francesco.ferrari.296@example.com,SecretPass_296!
luca.verdi.297@example.com,SecretPass_297!
chiara.verdi.298@example.com,SecretPass_298!
roberto.romano.299@example.com,SecretPass_299!
sofia.verdi.300@example.com,SecretPass_300!
martina.verdi.301@example.com,SecretPass_301!
sofia.bianchi.302@example.com,SecretPass_302!
francesco.ferrari.303@example.com,SecretPass_303!
alessandro.esposito.304@example.com,SecretPass_304!
luca.verdi.305@example.com,SecretPass_305!
francesca.verdi.306@example.com,SecretPass_306!
francesca.rossi.307@example.com,SecretPass_307!
alessandro.ferrari.308@example.com,SecretPass_308!
francesca.verdi.309@example.com,SecretPass_309!
giulia.ferrari.310@example.com,SecretPass_310!
sofia.gallo.311@example.com,SecretPass_311!
roberto.gallo.312@example.com,SecretPass_312!
martina.gallo.313@example.com,SecretPass_313!
valentina.ferrari.314@example.com,SecretPass_314!
valentina.ferrari.315@example.com,SecretPass_315!
elena.romano.316@example.com,SecretPass_316!
elena.verdi.317@example.com,SecretPass_317!
francesca.russo.318@example.com,SecretPass_318!
chiara.esposito.319@example.com,SecretPass_319!
martina.romano.320@example.com,SecretPass_320!
mario.costa.321@example.com,SecretPass_321!
valentina.rossi.322@example.com,SecretPass_322!
valentina.russo.323@example.com,SecretPass_323!
francesco.esposito.324@example.com,SecretPass_324!
elena.rossi.325@example.com,SecretPass_325!
mario.romano.326@example.com,SecretPass_326!
martina.esposito.327@example.com,SecretPass_327!
giuseppe.verdi.328@example.com,SecretPass_328!
stefano.ferrari.329@example.com,SecretPass_329!
chiara.esposito.330@example.com,SecretPass_330!
chiara.russo.331@example.com,SecretPass_331!
stefano.russo.332@example.com,SecretPass_332!
luca.romano.333@example.com,SecretPass_333!
luca.romano.334@example.com,SecretPass_334!
valentina.russo.335@example.com,SecretPass_335!
francesca.ferrari.336@example.com,SecretPass_336!
martina.ferrari.337@example.com,SecretPass_337!
francesca.gallo.338@example.com,SecretPass_338!
luca.costa.339@example.com,SecretPass_339!
chiara.costa.340@example.com,SecretPass_340!
stefano.romano.341@example.com,SecretPass_341!
giuseppe.rossi.342@example.com,SecretPass_342!
sofia.costa.343@example.com,SecretPass_343!
luca.esposito.344@example.com,SecretPass_344!
francesca.rossi.345@example.com,SecretPass_345!
francesca.verdi.346@example.com,SecretPass_346!
luca.esposito.347@example.com,SecretPass_347!
valentina.rossi.348@example.com,SecretPass_348!
giuseppe.rossi.349@example.com,SecretPass_349!
giuseppe.russo.350@example.com,SecretPass_350!
francesco.rossi.351@example.com,SecretPass_351!
luca.bianchi.352@example.com,SecretPass_352!
chiara.russo.353@example.com,SecretPass_353!
sofia.russo.354@example.com,SecretPass_354!
giulia.bianchi.355@example.com,SecretPass_355!
francesca.rossi.356@example.com,SecretPass_356!
chiara.russo.357@example.com,SecretPass_357!
giuseppe.costa.358@example.com,SecretPass_358!
francesca.costa.359@example.com,SecretPass_359!
giulia.russo.360@example.com,SecretPass_360!
francesca.russo.361@example.com,SecretPass_361!
valentina.rossi.362@example.com,SecretPass_362!
chiara.ferrari.363@example.com,SecretPass_363!
roberto.russo.364@example.com,SecretPass_364!
valentina.verdi.365@example.com,SecretPass_365!
alessandro.esposito.366@example.com,SecretPass_366!
roberto.rossi.367@example.com,SecretPass_367!
luca.russo.368@example.com,SecretPass_368!
stefano.rossi.369@example.com,SecretPass_369!
giulia.verdi.370@example.com,SecretPass_370!
sofia.verdi.371@example.com,SecretPass_371!
valentina.romano.372@example.com,SecretPass_372!
sofia.costa.373@example.com,SecretPass_373!
francesca.ferrari.374@example.com,SecretPass_374!
valentina.rossi.375@example.com,SecretPass_375!
alessandro.costa.376@example.com,SecretPass_376!
chiara.russo.377@example.com,SecretPass_377!
francesco.costa.378@example.com,SecretPass_378!
stefano.rossi.379@example.com,SecretPass_379!
roberto.costa.380@example.com,SecretPass_380!
valentina.esposito.381@example.com,SecretPass_381!
alessandro.rossi.382@example.com,SecretPass_382!
mario.ferrari.383@example.com,SecretPass_383!
luca.russo.384@example.com,SecretPass_384!
chiara.gallo.385@example.com,SecretPass_385!
chiara.esposito.386@example.com,SecretPass_386!
luca.ferrari.387@example.com,SecretPass_387!
elena.esposito.388@example.com,SecretPass_388!
sofia.bianchi.389@example.com,SecretPass_389!
mario.russo.390@example.com,SecretPass_390!
luca.costa.391@example.com,SecretPass_391!
alessandro.romano.392@example.com,SecretPass_392!
elena.verdi.393@example.com,SecretPass_393!
giulia.russo.394@example.com,SecretPass_394!
francesca.esposito.395@example.com,SecretPass_395!
valentina.gallo.396@example.com,SecretPass_396!
giuseppe.rossi.397@example.com,SecretPass_397!
francesco.russo.398@example.com,SecretPass_398!
mario.costa.399@example.com,SecretPass_399!
chiara.esposito.400@example.com,SecretPass_400!
stefano.verdi.401@example.com,SecretPass_401!
stefano.esposito.402@example.com,SecretPass_402!
alessandro.verdi.403@example.com,SecretPass_403!
martina.esposito.404@example.com,SecretPass_404!
giuseppe.romano.405@example.com,SecretPass_405!
valentina.bianchi.406@example.com,SecretPass_406!
elena.costa.407@example.com,SecretPass_407!
giuseppe.gallo.408@example.com,SecretPass_408!
alessandro.bianchi.409@example.com,SecretPass_409!
elena.costa.410@example.com,SecretPass_410!
valentina.ferrari.411@example.com,SecretPass_411!
alessandro.romano.412@example.com,SecretPass_412!
martina.costa.413@example.com,SecretPass_413!
stefano.esposito.414@example.com,SecretPass_414!
roberto.gallo.415@example.com,SecretPass_415!
mario.verdi.416@example.com,SecretPass_416!
alessandro.russo.417@example.com,SecretPass_417!
francesco.bianchi.418@example.com,SecretPass_418!
elena.russo.419@example.com,SecretPass_419!
giulia.ferrari.420@example.com,SecretPass_420!
mario.russo.421@example.com,SecretPass_421!
francesca.esposito.422@example.com,SecretPass_422!
martina.verdi.423@example.com,SecretPass_423!
mario.costa.424@example.com,SecretPass_424!
francesca.verdi.425@example.com,SecretPass_425!
giuseppe.esposito.426@example.com,SecretPass_426!
alessandro.costa.427@example.com,SecretPass_427!
giuseppe.romano.428@example.com,SecretPass_428!
chiara.costa.429@example.com,SecretPass_429!
mario.romano.430@example.com,SecretPass_430!
sofia.rossi.431@example.com,SecretPass_431!
valentina.bianchi.432@example.com,SecretPass_432!
valentina.esposito.433@example.com,SecretPass_433!
francesca.romano.434@example.com,SecretPass_434!
luca.romano.435@example.com,SecretPass_435!
martina.rossi.436@example.com,SecretPass_436!
chiara.russo.437@example.com,SecretPass_437!
martina.ferrari.438@example.com,SecretPass_438!
elena.bianchi.439@example.com,SecretPass_439!
luca.russo.440@example.com,SecretPass_440!
francesca.romano.441@example.com,SecretPass_441!
sofia.bianchi.442@example.com,SecretPass_442!
giuseppe.gallo.443@example.com,SecretPass_443!
francesco.ferrari.444@example.com,SecretPass_444!
alessandro.costa.445@example.com,SecretPass_445!
valentina.costa.446@example.com,SecretPass_446!
elena.rossi.447@example.com,SecretPass_447!
elena.esposito.448@example.com,SecretPass_448!
valentina.esposito.449@example.com,SecretPass_449!
roberto.rossi.450@example.com,SecretPass_450!
valentina.romano.451@example.com,SecretPass_451!
chiara.bianchi.452@example.com,SecretPass_452!
sofia.ferrari.453@example.com,SecretPass_453!
stefano.romano.454@example.com,SecretPass_454!
chiara.gallo.455@example.com,SecretPass_455!
giuseppe.ferrari.456@example.com,SecretPass_456!
francesco.rossi.457@example.com,SecretPass_457!
francesca.rossi.458@example.com,SecretPass_458!
elena.rossi.459@example.com,SecretPass_459!
elena.verdi.460@example.com,SecretPass_460!
giuseppe.verdi.461@example.com,SecretPass_461!
francesco.russo.462@example.com,SecretPass_462!
stefano.bianchi.463@example.com,SecretPass_463!
roberto.romano.464@example.com,SecretPass_464!
elena.gallo.465@example.com,SecretPass_465!
luca.verdi.466@example.com,SecretPass_466!
stefano.costa.467@example.com,SecretPass_467!
giuseppe.costa.468@example.com,SecretPass_468!
chiara.costa.469@example.com,SecretPass_469!
francesca.romano.470@example.com,SecretPass_470!
francesca.gallo.471@example.com,SecretPass_471!
giuseppe.romano.472@example.com,SecretPass_472!
chiara.gallo.473@example.com,SecretPass_473!
chiara.russo.474@example.com,SecretPass_474!
alessandro.verdi.475@example.com,SecretPass_475!
francesca.ferrari.476@example.com,SecretPass_476!
roberto.costa.477@example.com,SecretPass_477!
mario.esposito.478@example.com,SecretPass_478!
stefano.costa.479@example.com,SecretPass_479!
mario.gallo.480@example.com,SecretPass_480!
martina.bianchi.481@example.com,SecretPass_481!
alessandro.gallo.482@example.com,SecretPass_482!
luca.gallo.483@example.com,SecretPass_483!
valentina.romano.484@example.com,SecretPass_484!
mario.ferrari.485@example.com,SecretPass_485!
luca.gallo.486@example.com,SecretPass_486!
francesca.costa.487@example.com,SecretPass_487!
elena.esposito.488@example.com,SecretPass_488!
francesca.verdi.489@example.com,SecretPass_489!
francesca.ferrari.490@example.com,SecretPass_490!
chiara.verdi.491@example.com,SecretPass_491!
francesco.rossi.492@example.com,SecretPass_492!
valentina.verdi.493@example.com,SecretPass_493!
alessandro.russo.494@example.com,SecretPass_494!
francesca.esposito.495@example.com,SecretPass_495!
giuseppe.ferrari.496@example.com,SecretPass_496!
giulia.esposito.497@example.com,SecretPass_497!
mario.russo.498@example.com,SecretPass_498!
giuseppe.bianchi.499@example.com,SecretPass_499!
giuseppe.russo.500@example.com,SecretPass_500!
sofia.verdi.501@example.com,SecretPass_501!
alessandro.russo.502@example.com,SecretPass_502!
francesco.russo.503@example.com,SecretPass_503!
elena.russo.504@example.com,SecretPass_504!
giuseppe.gallo.505@example.com,SecretPass_505!
valentina.russo.506@example.com,SecretPass_506!
roberto.verdi.507@example.com,SecretPass_507!
francesca.russo.508@example.com,SecretPass_508!
valentina.russo.509@example.com,SecretPass_509!
stefano.romano.510@example.com,SecretPass_510!
giulia.romano.511@example.com,SecretPass_511!
chiara.romano.512@example.com,SecretPass_512!
francesco.rossi.513@example.com,SecretPass_513!
roberto.costa.514@example.com,SecretPass_514!
elena.bianchi.515@example.com,SecretPass_515!
giulia.romano.516@example.com,SecretPass_516!
francesca.verdi.517@example.com,SecretPass_517!
martina.ferrari.518@example.com,SecretPass_518!
luca.gallo.519@example.com,SecretPass_519!
francesco.verdi.520@example.com,SecretPass_520!
giulia.russo.521@example.com,SecretPass_521!
giuseppe.ferrari.522@example.com,SecretPass_522!
martina.costa.523@example.com,SecretPass_523!
sofia.costa.524@example.com,SecretPass_524!
roberto.rossi.525@example.com,SecretPass_525!
giulia.verdi.526@example.com,SecretPass_526!
roberto.costa.527@example.com,SecretPass_527!
roberto.bianchi.528@example.com,SecretPass_528!
giulia.verdi.529@example.com,SecretPass_529!
sofia.romano.530@example.com,SecretPass_530!
francesco.russo.531@example.com,SecretPass_531!
luca.costa.532@example.com,SecretPass_532!
stefano.russo.533@example.com,SecretPass_533!
stefano.romano.534@example.com,SecretPass_534!
roberto.esposito.535@example.com,SecretPass_535!
mario.esposito.536@example.com,SecretPass_536!
giuseppe.rossi.537@example.com,SecretPass_537!
francesco.gallo.538@example.com,SecretPass_538!
luca.ferrari.539@example.com,SecretPass_539!
chiara.rossi.540@example.com,SecretPass_540!
giulia.russo.541@example.com,SecretPass_541!
elena.romano.542@example.com,SecretPass_542!
elena.verdi.543@example.com,SecretPass_543!
luca.russo.544@example.com,SecretPass_544!
alessandro.verdi.545@example.com,SecretPass_545!
francesco.rossi.546@example.com,SecretPass_546!
valentina.gallo.547@example.com,SecretPass_547!
luca.ferrari.548@example.com,SecretPass_548!
roberto.costa.549@example.com,SecretPass_549!
valentina.ferrari.550@example.com,SecretPass_550!
chiara.bianchi.551@example.com,SecretPass_551!
elena.esposito.552@example.com,SecretPass_552!
chiara.gallo.553@example.com,SecretPass_553!
alessandro.bianchi.554@example.com,SecretPass_554!
stefano.rossi.555@example.com,SecretPass_555!
luca.costa.556@example.com,SecretPass_556!
sofia.gallo.557@example.com,SecretPass_557!
roberto.esposito.558@example.com,SecretPass_558!
roberto.esposito.559@example.com,SecretPass_559!
mario.esposito.560@example.com,SecretPass_560!
francesco.ferrari.561@example.com,SecretPass_561!
stefano.russo.562@example.com,SecretPass_562!
francesca.ferrari.563@example.com,SecretPass_563!
alessandro.costa.564@example.com,SecretPass_564!
luca.ferrari.565@example.com,SecretPass_565!
mario.esposito.566@example.com,SecretPass_566!
giuseppe.romano.567@example.com,SecretPass_567!
mario.russo.568@example.com,SecretPass_568!
francesca.esposito.569@example.com,SecretPass_569!
valentina.gallo.570@example.com,SecretPass_570!
francesca.verdi.571@example.com,SecretPass_571!
francesco.rossi.572@example.com,SecretPass_572!
francesca.romano.573@example.com,SecretPass_573!
francesco.bianchi.574@example.com,SecretPass_574!
luca.ferrari.575@example.com,SecretPass_575!
sofia.gallo.576@example.com,SecretPass_576!
francesca.gallo.577@example.com,SecretPass_577!
mario.russo.578@example.com,SecretPass_578!
alessandro.russo.579@example.com,SecretPass_579!
martina.ferrari.580@example.com,SecretPass_580!
giuseppe.verdi.581@example.com,SecretPass_581!
francesca.romano.582@example.com,SecretPass_582!
roberto.gallo.583@example.com,SecretPass_583!
elena.esposito.584@example.com,SecretPass_584!
alessandro.gallo.585@example.com,SecretPass_585!
sofia.rossi.586@example.com,SecretPass_586!
stefano.costa.587@example.com,SecretPass_587!
alessandro.russo.588@example.com,SecretPass_588!
giuseppe.bianchi.589@example.com,SecretPass_589!
giuseppe.esposito.590@example.com,SecretPass_590!
alessandro.verdi.591@example.com,SecretPass_591!
mario.costa.592@example.com,SecretPass_592!
giulia.verdi.593@example.com,SecretPass_593!
elena.bianchi.594@example.com,SecretPass_594!
mario.gallo.595@example.com,SecretPass_595!
francesco.rossi.596@example.com,SecretPass_596!
elena.russo.597@example.com,SecretPass_597!
alessandro.russo.598@example.com,SecretPass_598!
roberto.ferrari.599@example.com,SecretPass_599!
francesco.romano.600@example.com,SecretPass_600!
sofia.russo.601@example.com,SecretPass_601!
francesca.esposito.602@example.com,SecretPass_602!
luca.rossi.603@example.com,SecretPass_603!
chiara.ferrari.604@example.com,SecretPass_604!
sofia.ferrari.605@example.com,SecretPass_605!
giuseppe.bianchi.606@example.com,SecretPass_606!
mario.costa.607@example.com,SecretPass_607!
francesco.costa.608@example.com,SecretPass_608!
giulia.russo.609@example.com,SecretPass_609!
luca.bianchi.610@example.com,SecretPass_610!
francesca.costa.611@example.com,SecretPass_611!
roberto.verdi.612@example.com,SecretPass_612!
martina.costa.613@example.com,SecretPass_613!
alessandro.russo.614@example.com,SecretPass_614!
roberto.verdi.615@example.com,SecretPass_615!
giulia.ferrari.616@example.com,SecretPass_616!
alessandro.russo.617@example.com,SecretPass_617!
giuseppe.verdi.618@example.com,SecretPass_618!
martina.verdi.619@example.com,SecretPass_619!
martina.costa.620@example.com,SecretPass_620!
martina.ferrari.621@example.com,SecretPass_621!
roberto.gallo.622@example.com,SecretPass_622!
elena.verdi.623@example.com,SecretPass_623!
sofia.ferrari.624@example.com,SecretPass_624!
luca.costa.625@example.com,SecretPass_625!
stefano.ferrari.626@example.com,SecretPass_626!
alessandro.rossi.627@example.com,SecretPass_627!
sofia.rossi.628@example.com,SecretPass_628!
chiara.costa.629@example.com,SecretPass_629!
valentina.esposito.630@example.com,SecretPass_630!
elena.rossi.631@example.com,SecretPass_631!
francesco.gallo.632@example.com,SecretPass_632!
roberto.romano.633@example.com,SecretPass_633!
alessandro.russo.634@example.com,SecretPass_634!
sofia.esposito.635@example.com,SecretPass_635!
chiara.costa.636@example.com,SecretPass_636!
mario.romano.637@example.com,SecretPass_637!
giulia.ferrari.638@example.com,SecretPass_638!
giulia.costa.639@example.com,SecretPass_639!
alessandro.russo.640@example.com,SecretPass_640!
stefano.romano.641@example.com,SecretPass_641!
luca.esposito.642@example.com,SecretPass_642!
luca.romano.643@example.com,SecretPass_643!
roberto.romano.644@example.com,SecretPass_644!
mario.verdi.645@example.com,SecretPass_645!
chiara.esposito.646@example.com,SecretPass_646!
stefano.esposito.647@example.com,SecretPass_647!
stefano.ferrari.648@example.com,SecretPass_648!
giulia.ferrari.649@example.com,SecretPass_649!
giulia.ferrari.650@example.com,SecretPass_650!
martina.ferrari.651@example.com,SecretPass_651!
alessandro.russo.652@example.com,SecretPass_652!
chiara.ferrari.653@example.com,SecretPass_653!
luca.verdi.654@example.com,SecretPass_654!
francesco.rossi.655@example.com,SecretPass_655!
martina.verdi.656@example.com,SecretPass_656!
giulia.esposito.657@example.com,SecretPass_657!
martina.rossi.658@example.com,SecretPass_658!
francesca.esposito.659@example.com,SecretPass_659!
martina.rossi.660@example.com,SecretPass_660!
martina.romano.661@example.com,SecretPass_661!
elena.esposito.662@example.com,SecretPass_662!
luca.romano.663@example.com,SecretPass_663!
roberto.gallo.664@example.com,SecretPass_664!
martina.gallo.665@example.com,SecretPass_665!
francesca.rossi.666@example.com,SecretPass_666!
giuseppe.ferrari.667@example.com,SecretPass_667!
chiara.russo.668@example.com,SecretPass_668!
mario.costa.669@example.com,SecretPass_669!
sofia.rossi.670@example.com,SecretPass_670!
francesca.rossi.671@example.com,SecretPass_671!
giuseppe.costa.672@example.com,SecretPass_672!
martina.bianchi.673@example.com,SecretPass_673!
alessandro.esposito.674@example.com,SecretPass_674!
stefano.ferrari.675@example.com,SecretPass_675!
stefano.costa.676@example.com,SecretPass_676!
elena.costa.677@example.com,SecretPass_677!
giuseppe.gallo.678@example.com,SecretPass_678!
sofia.rossi.679@example.com,SecretPass_679!
stefano.russo.680@example.com,SecretPass_680!
sofia.ferrari.681@example.com,SecretPass_681!
giuseppe.romano.682@example.com,SecretPass_682!
luca.russo.683@example.com,SecretPass_683!
chiara.russo.684@example.com,SecretPass_684!
valentina.romano.685@example.com,SecretPass_685!
roberto.esposito.686@example.com,SecretPass_686!
sofia.rossi.687@example.com,SecretPass_687!
valentina.verdi.688@example.com,SecretPass_688!
sofia.bianchi.689@example.com,SecretPass_689!
giulia.gallo.690@example.com,SecretPass_690!
giuseppe.russo.691@example.com,SecretPass_691!
elena.gallo.692@example.com,SecretPass_692!
alessandro.romano.693@example.com,SecretPass_693!
francesco.romano.694@example.com,SecretPass_694!
giulia.bianchi.695@example.com,SecretPass_695!
francesca.ferrari.696@example.com,SecretPass_696!
stefano.gallo.697@example.com,SecretPass_697!
valentina.rossi.698@example.com,SecretPass_698!
giuseppe.romano.699@example.com,SecretPass_699!
giuseppe.gallo.700@example.com,SecretPass_700!
chiara.gallo.701@example.com,SecretPass_701!
martina.costa.702@example.com,SecretPass_702!
sofia.romano.703@example.com,SecretPass_703!
alessandro.romano.704@example.com,SecretPass_704!
giuseppe.costa.705@example.com,SecretPass_705!
chiara.russo.706@example.com,SecretPass_706!
valentina.russo.707@example.com,SecretPass_707!
luca.esposito.708@example.com,SecretPass_708!
valentina.ferrari.709@example.com,SecretPass_709!
francesco.russo.710@example.com,SecretPass_710!
luca.verdi.711@example.com,SecretPass_711!
valentina.verdi.712@example.com,SecretPass_712!
giulia.russo.713@example.com,SecretPass_713!
alessandro.rossi.714@example.com,SecretPass_714!
alessandro.gallo.715@example.com,SecretPass_715!
giuseppe.romano.716@example.com,SecretPass_716!
luca.ferrari.717@example.com,SecretPass_717!
mario.gallo.718@example.com,SecretPass_718!
stefano.bianchi.719@example.com,SecretPass_719!
valentina.verdi.720@example.com,SecretPass_720!
giuseppe.bianchi.721@example.com,SecretPass_721!
valentina.esposito.722@example.com,SecretPass_722!
valentina.russo.723@example.com,SecretPass_723!
mario.verdi.724@example.com,SecretPass_724!
chiara.bianchi.725@example.com,SecretPass_725!
giulia.rossi.726@example.com,SecretPass_726!
giulia.verdi.727@example.com,SecretPass_727!
luca.gallo.728@example.com,SecretPass_728!
martina.verdi.729@example.com,SecretPass_729!
francesco.romano.730@example.com,SecretPass_730!
chiara.bianchi.731@example.com,SecretPass_731!
giuseppe.verdi.732@example.com,SecretPass_732!
chiara.gallo.733@example.com,SecretPass_733!
francesco.ferrari.734@example.com,SecretPass_734!
martina.gallo.735@example.com,SecretPass_735!
giulia.gallo.736@example.com,SecretPass_736!
martina.bianchi.737@example.com,SecretPass_737!
chiara.verdi.738@example.com,SecretPass_738!
chiara.rossi.739@example.com,SecretPass_739!
francesca.romano.740@example.com,SecretPass_740!
francesco.verdi.741@example.com,SecretPass_741!
giulia.ferrari.742@example.com,SecretPass_742!
luca.russo.743@example.com,SecretPass_743!
francesco.bianchi.744@example.com,SecretPass_744!
chiara.esposito.745@example.com,SecretPass_745!
luca.gallo.746@example.com,SecretPass_746!
francesco.bianchi.747@example.com,SecretPass_747!
stefano.bianchi.748@example.com,SecretPass_748!
elena.costa.749@example.com,SecretPass_749!
francesco.costa.750@example.com,SecretPass_750!
elena.verdi.751@example.com,SecretPass_751!
stefano.russo.752@example.com,SecretPass_752!
giuseppe.gallo.753@example.com,SecretPass_753!
alessandro.russo.754@example.com,SecretPass_754!
luca.russo.755@example.com,SecretPass_755!
giuseppe.costa.756@example.com,SecretPass_756!
roberto.costa.757@example.com,SecretPass_757!
valentina.ferrari.758@example.com,SecretPass_758!
roberto.russo.759@example.com,SecretPass_759!
valentina.bianchi.760@example.com,SecretPass_760!
sofia.rossi.761@example.com,SecretPass_761!
roberto.rossi.762@example.com,SecretPass_762!
mario.costa.763@example.com,SecretPass_763!
giuseppe.esposito.764@example.com,SecretPass_764!
francesca.esposito.765@example.com,SecretPass_765!
luca.russo.766@example.com,SecretPass_766!
mario.bianchi.767@example.com,SecretPass_767!
stefano.rossi.768@example.com,SecretPass_768!
roberto.rossi.769@example.com,SecretPass_769!
luca.rossi.770@example.com,SecretPass_770!
francesca.verdi.771@example.com,SecretPass_771!
stefano.ferrari.772@example.com,SecretPass_772!
giulia.esposito.773@example.com,SecretPass_773!
stefano.rossi.774@example.com,SecretPass_774!
sofia.romano.775@example.com,SecretPass_775!
elena.romano.776@example.com,SecretPass_776!
sofia.rossi.777@example.com,SecretPass_777!
stefano.russo.778@example.com,SecretPass_778!
luca.gallo.779@example.com,SecretPass_779!
chiara.costa.780@example.com,SecretPass_780!
valentina.gallo.781@example.com,SecretPass_781!
roberto.verdi.782@example.com,SecretPass_782!
elena.gallo.783@example.com,SecretPass_783!
sofia.bianchi.784@example.com,SecretPass_784!
francesca.gallo.785@example.com,SecretPass_785!
francesco.bianchi.786@example.com,SecretPass_786!
valentina.bianchi.787@example.com,SecretPass_787!
roberto.russo.788@example.com,SecretPass_788!
giulia.rossi.789@example.com,SecretPass_789!
mario.gallo.790@example.com,SecretPass_790!
martina.gallo.791@example.com,SecretPass_791!
giuseppe.esposito.792@example.com,SecretPass_792!
chiara.russo.793@example.com,SecretPass_793!
francesca.esposito.794@example.com,SecretPass_794!
luca.costa.795@example.com,SecretPass_795!
sofia.bianchi.796@example.com,SecretPass_796!
francesca.rossi.797@example.com,SecretPass_797!
luca.verdi.798@example.com,SecretPass_798!
chiara.rossi.799@example.com,SecretPass_799!
valentina.russo.800@example.com,SecretPass_800!
chiara.costa.801@example.com,SecretPass_801!
roberto.esposito.802@example.com,SecretPass_802!
giuseppe.costa.803@example.com,SecretPass_803!
luca.russo.804@example.com,SecretPass_804!
elena.rossi.805@example.com,SecretPass_805!
chiara.rossi.806@example.com,SecretPass_806!
chiara.romano.807@example.com,SecretPass_807!
chiara.costa.808@example.com,SecretPass_808!
chiara.costa.809@example.com,SecretPass_809!
giulia.verdi.810@example.com,SecretPass_810!
luca.romano.811@example.com,SecretPass_811!
francesco.verdi.812@example.com,SecretPass_812!
alessandro.costa.813@example.com,SecretPass_813!
mario.romano.814@example.com,SecretPass_814!
elena.verdi.815@example.com,SecretPass_815!
valentina.russo.816@example.com,SecretPass_816!
martina.esposito.817@example.com,SecretPass_817!
chiara.romano.818@example.com,SecretPass_818!
alessandro.ferrari.819@example.com,SecretPass_819!
roberto.costa.820@example.com,SecretPass_820!
sofia.russo.821@example.com,SecretPass_821!
martina.costa.822@example.com,SecretPass_822!
alessandro.verdi.823@example.com,SecretPass_823!
martina.rossi.824@example.com,SecretPass_824!
martina.rossi.825@example.com,SecretPass_825!
francesca.russo.826@example.com,SecretPass_826!
sofia.bianchi.827@example.com,SecretPass_827!
martina.rossi.828@example.com,SecretPass_828!
chiara.verdi.829@example.com,SecretPass_829!
alessandro.ferrari.830@example.com,SecretPass_830!
giuseppe.romano.831@example.com,SecretPass_831!
alessandro.romano.832@example.com,SecretPass_832!
elena.esposito.833@example.com,SecretPass_833!
sofia.russo.834@example.com,SecretPass_834!
roberto.russo.835@example.com,SecretPass_835!
francesco.costa.836@example.com,SecretPass_836!
francesca.gallo.837@example.com,SecretPass_837!
alessandro.rossi.838@example.com,SecretPass_838!
giuseppe.costa.839@example.com,SecretPass_839!
sofia.rossi.840@example.com,SecretPass_840!
stefano.gallo.841@example.com,SecretPass_841!
martina.esposito.842@example.com,SecretPass_842!
mario.bianchi.843@example.com,SecretPass_843!
luca.rossi.844@example.com,SecretPass_844!
sofia.verdi.845@example.com,SecretPass_845!
giulia.rossi.846@example.com,SecretPass_846!
sofia.costa.847@example.com,SecretPass_847!
elena.gallo.848@example.com,SecretPass_848!
luca.costa.849@example.com,SecretPass_849!
roberto.romano.850@example.com,SecretPass_850!
roberto.bianchi.851@example.com,SecretPass_851!
alessandro.ferrari.852@example.com,SecretPass_852!
giuseppe.esposito.853@example.com,SecretPass_853!
sofia.ferrari.854@example.com,SecretPass_854!
giulia.esposito.855@example.com,SecretPass_855!
sofia.russo.856@example.com,SecretPass_856!
francesca.gallo.857@example.com,SecretPass_857!
giulia.rossi.858@example.com,SecretPass_858!
francesca.costa.859@example.com,SecretPass_859!
giulia.verdi.860@example.com,SecretPass_860!
giuseppe.gallo.861@example.com,SecretPass_861!
martina.costa.862@example.com,SecretPass_862!
luca.rossi.863@example.com,SecretPass_863!
francesca.rossi.864@example.com,SecretPass_864!
giulia.bianchi.865@example.com,SecretPass_865!
chiara.bianchi.866@example.com,SecretPass_866!
giuseppe.costa.867@example.com,SecretPass_867!
sofia.gallo.868@example.com,SecretPass_868!
chiara.bianchi.869@example.com,SecretPass_869!
elena.rossi.870@example.com,SecretPass_870!
valentina.ferrari.871@example.com,SecretPass_871!
valentina.romano.872@example.com,SecretPass_872!
alessandro.costa.873@example.com,SecretPass_873!
chiara.gallo.874@example.com,SecretPass_874!
alessandro.esposito.875@example.com,SecretPass_875!
francesca.romano.876@example.com,SecretPass_876!
francesca.esposito.877@example.com,SecretPass_877!
alessandro.russo.878@example.com,SecretPass_878!
mario.ferrari.879@example.com,SecretPass_879!
luca.costa.880@example.com,SecretPass_880!
martina.esposito.881@example.com,SecretPass_881!
elena.gallo.882@example.com,SecretPass_882!
valentina.bianchi.883@example.com,SecretPass_883!
valentina.costa.884@example.com,SecretPass_884!
alessandro.ferrari.885@example.com,SecretPass_885!
elena.gallo.886@example.com,SecretPass_886!
elena.costa.887@example.com,SecretPass_887!
francesco.gallo.888@example.com,SecretPass_888!
elena.gallo.889@example.com,SecretPass_889!
francesca.esposito.890@example.com,SecretPass_890!
giuseppe.gallo.891@example.com,SecretPass_891!
francesca.verdi.892@example.com,SecretPass_892!
stefano.verdi.893@example.com,SecretPass_893!
alessandro.ferrari.894@example.com,SecretPass_894!
stefano.verdi.895@example.com,SecretPass_895!
valentina.esposito.896@example.com,SecretPass_896!
giuseppe.bianchi.897@example.com,SecretPass_897!
alessandro.esposito.898@example.com,SecretPass_898!
mario.ferrari.899@example.com,SecretPass_899!
giuseppe.costa.900@example.com,SecretPass_900!
mario.esposito.901@example.com,SecretPass_901!
sofia.bianchi.902@example.com,SecretPass_902!
roberto.esposito.903@example.com,SecretPass_903!
elena.ferrari.904@example.com,SecretPass_904!
martina.romano.905@example.com,SecretPass_905!
francesco.ferrari.906@example.com,SecretPass_906!
luca.bianchi.907@example.com,SecretPass_907!
francesca.costa.908@example.com,SecretPass_908!
sofia.costa.909@example.com,SecretPass_909!
francesca.rossi.910@example.com,SecretPass_910!
giuseppe.russo.911@example.com,SecretPass_911!
chiara.romano.912@example.com,SecretPass_912!
alessandro.ferrari.913@example.com,SecretPass_913!
roberto.bianchi.914@example.com,SecretPass_914!
roberto.romano.915@example.com,SecretPass_915!
martina.russo.916@example.com,SecretPass_916!
sofia.verdi.917@example.com,SecretPass_917!
chiara.costa.918@example.com,SecretPass_918!
alessandro.gallo.919@example.com,SecretPass_919!
martina.bianchi.920@example.com,SecretPass_920!
chiara.verdi.921@example.com,SecretPass_921!
elena.esposito.922@example.com,SecretPass_922!
alessandro.gallo.923@example.com,SecretPass_923!
francesca.ferrari.924@example.com,SecretPass_924!
valentina.ferrari.925@example.com,SecretPass_925!
giuseppe.ferrari.926@example.com,SecretPass_926!
giulia.gallo.927@example.com,SecretPass_927!
elena.romano.928@example.com,SecretPass_928!
mario.rossi.929@example.com,SecretPass_929!
roberto.russo.930@example.com,SecretPass_930!
giuseppe.esposito.931@example.com,SecretPass_931!
chiara.costa.932@example.com,SecretPass_932!
alessandro.esposito.933@example.com,SecretPass_933!
giuseppe.verdi.934@example.com,SecretPass_934!
francesca.esposito.935@example.com,SecretPass_935!
sofia.costa.936@example.com,SecretPass_936!
francesca.bianchi.937@example.com,SecretPass_937!
stefano.romano.938@example.com,SecretPass_938!
mario.verdi.939@example.com,SecretPass_939!
alessandro.esposito.940@example.com,SecretPass_940!
alessandro.verdi.941@example.com,SecretPass_941!
giuseppe.bianchi.942@example.com,SecretPass_942!
alessandro.costa.943@example.com,SecretPass_943!
alessandro.rossi.944@example.com,SecretPass_944!
roberto.costa.945@example.com,SecretPass_945!
martina.esposito.946@example.com,SecretPass_946!
martina.gallo.947@example.com,SecretPass_947!
mario.romano.948@example.com,SecretPass_948!
francesca.ferrari.949@example.com,SecretPass_949!
luca.ferrari.950@example.com,SecretPass_950!
francesco.romano.951@example.com,SecretPass_951!
francesca.romano.952@example.com,SecretPass_952!
alessandro.verdi.953@example.com,SecretPass_953!
chiara.romano.954@example.com,SecretPass_954!
chiara.costa.955@example.com,SecretPass_955!
giuseppe.esposito.956@example.com,SecretPass_956!
giuseppe.ferrari.957@example.com,SecretPass_957!
chiara.russo.958@example.com,SecretPass_958!
giulia.rossi.959@example.com,SecretPass_959!
roberto.romano.960@example.com,SecretPass_960!
giuseppe.romano.961@example.com,SecretPass_961!
giuseppe.romano.962@example.com,SecretPass_962!
luca.gallo.963@example.com,SecretPass_963!
chiara.rossi.964@example.com,SecretPass_964!
roberto.verdi.965@example.com,SecretPass_965!
martina.costa.966@example.com,SecretPass_966!
giulia.esposito.967@example.com,SecretPass_967!
stefano.esposito.968@example.com,SecretPass_968!
chiara.bianchi.969@example.com,SecretPass_969!
francesco.ferrari.970@example.com,SecretPass_970!
sofia.costa.971@example.com,SecretPass_971!
sofia.costa.972@example.com,SecretPass_972!
roberto.gallo.973@example.com,SecretPass_973!
mario.verdi.974@example.com,SecretPass_974!
mario.gallo.975@example.com,SecretPass_975!
martina.costa.976@example.com,SecretPass_976!
roberto.verdi.977@example.com,SecretPass_977!
francesca.rossi.978@example.com,SecretPass_978!
francesca.romano.979@example.com,SecretPass_979!
chiara.russo.980@example.com,SecretPass_980!
alessandro.ferrari.981@example.com,SecretPass_981!
roberto.costa.982@example.com,SecretPass_982!
sofia.russo.983@example.com,SecretPass_983!
giulia.gallo.984@example.com,SecretPass_984!
roberto.ferrari.985@example.com,SecretPass_985!
stefano.ferrari.986@example.com,SecretPass_986!
chiara.romano.987@example.com,SecretPass_987!
martina.romano.988@example.com,SecretPass_988!
elena.costa.989@example.com,SecretPass_989!
valentina.russo.990@example.com,SecretPass_990!
roberto.verdi.991@example.com,SecretPass_991!
valentina.romano.992@example.com,SecretPass_992!
francesca.bianchi.993@example.com,SecretPass_993!
luca.gallo.994@example.com,SecretPass_994!
stefano.esposito.995@example.com,SecretPass_995!
alessandro.esposito.996@example.com,SecretPass_996!
elena.bianchi.997@example.com,SecretPass_997!
giuseppe.russo.998@example.com,SecretPass_998!
alessandro.verdi.999@example.com,SecretPass_999!
